a50c8169400257462a81ebf2e97b7eff6c6519ca,/home/jason/Desktop/test/35697.pdf
4118bfda21675fc0806a1de68b03a5748de77b38,/home/jason/Desktop/test/36297.pdf
4d70aa6f73a56d198b6fbfbf61e1bdd39fd5de54,/home/jason/Desktop/test/BuriedFolder/BudgetReport.txt
d7ead0f87536baa57028f80de38cc12cb507ff75,/home/jason/Desktop/test/BuriedFolder/FirstFile.txt
1fe9255913fcc27709b71251689836d1928b4fca,/home/jason/Desktop/test/BuriedFolder/IMG_0015.JPG
eef6dd687d56f30a9025a031c5e179410eed186b,/home/jason/Desktop/test/BuriedFolder/IMG_0153.JPG
5a48b7604b0413f23b7d7eb27d8a7e99173d2fc0,/home/jason/Desktop/test/BuriedFolder/MillimeterWave.pdf
1d84da5ea28cb3a2047bc3f755e96145b8d54ab7,/home/jason/Desktop/test/BuriedFolder/Pop_up_matra.gif
18a4c12cd7267fa24ec9a2e46a1313f0bd195c71,/home/jason/Desktop/test/BuriedFolder/Risk Management Framework for Information Systems and Organizations_ A System Life Cycle Approach for Security and Privacy - NIST.SP.800-37r2.pdf
aff430231c58b4863b8aa4e3746077aa9ef42c86,/home/jason/Desktop/test/BuriedFolder/SecondFile.txt
954ed8844aeaa7dc4506db95ef12555c4c1b0591,/home/jason/Desktop/test/comma-test.csv
da39a3ee5e6b4b0d3255bfef95601890afd80709,/home/jason/Desktop/test/data/NewFile1
f3fc8a6f20d87c5e0220d6f03d98746ca3cc20de,/home/jason/Desktop/test/DSCN0336.JPG
9586e476902d545400f0034b41e423332a65a430,/home/jason/Desktop/test/Gorgosaurus_BW_transparent.png
1d31ee2b8725e686cbe4633bd317d754856c2d4a,/home/jason/Desktop/test/HelloWorld.txt
466cbeb9243f71ae36a23c4c509dcdcc0c9f28b5,/home/jason/Desktop/test/ics-electric-utility-brochure.pdf
3c4a753f1503e9bc83702a3ca6cb3f5973bbb454,/home/jason/Desktop/test/IMG_0412.jpg
3c4a753f1503e9bc83702a3ca6cb3f5973bbb454,/home/jason/Desktop/test/IMG_0412.JPG
ee99a03159d856905efe226a9f4e6eecabebec5a,/home/jason/Desktop/test/IMG_0440.JPG
83fcc459fc6f3dc47ca8c12894c4708099aec2eb,/home/jason/Desktop/test/P1000126.JPG
31783157073369da64c522a832f5ec1f907e9b67,/home/jason/Desktop/test/SpecialText.txt
60d1e6ac5d815a40cadcc4fb6818b0e32169e6af,/home/jason/Desktop/test/The_NIST_Cybersecurity_Framework_(CSF)_2.0-NIST.CSWP.29.pdf
181a4261c4fef1a5a248070cf1b206b59cc59f3b,/home/jason/Desktop/test/Yes-check-icon-transparent.png
